"Status","Start Time","Stop Time","Duration in ms","Parent Suite","Suite","Sub Suite","Test Class","Test Method","Name","Description"
"passed","Fri Mar 20 15:19:31 MSK 2026","Fri Mar 20 15:19:37 MSK 2026","5741","","org.example.tests.LoginTests","","org.example.tests.LoginTests","loginByClickingLoginButton","loginByClickingLoginButton",""
"passed","Fri Mar 20 15:18:59 MSK 2026","Fri Mar 20 15:19:06 MSK 2026","7055","","org.example.tests.ConstructorTabsTest","","org.example.tests.ConstructorTabsTest","bunsTabVisibilityTest","bunsTabVisibilityTest",""
"passed","Fri Mar 20 15:19:06 MSK 2026","Fri Mar 20 15:19:10 MSK 2026","4401","","org.example.tests.ConstructorTabsTest","","org.example.tests.ConstructorTabsTest","fillingTabVisibilityTest","fillingTabVisibilityTest",""
"passed","Fri Mar 20 15:19:24 MSK 2026","Fri Mar 20 15:19:31 MSK 2026","7122","","org.example.tests.LoginTests","","org.example.tests.LoginTests","loginByClickingButtonInPasswordRecoveryForm","loginByClickingButtonInPasswordRecoveryForm",""
"passed","Fri Mar 20 15:19:37 MSK 2026","Fri Mar 20 15:19:42 MSK 2026","5259","","org.example.tests.LoginTests","","org.example.tests.LoginTests","loginByClickingAccountButton","loginByClickingAccountButton",""
"passed","Fri Mar 20 15:19:10 MSK 2026","Fri Mar 20 15:19:15 MSK 2026","4354","","org.example.tests.ConstructorTabsTest","","org.example.tests.ConstructorTabsTest","sauceTabVisibilityTest","sauceTabVisibilityTest",""
"passed","Fri Mar 20 15:19:42 MSK 2026","Fri Mar 20 15:19:49 MSK 2026","6800","","org.example.tests.RegistrationTest","","org.example.tests.RegistrationTest","testSuccessfulRegistration","testSuccessfulRegistration",""
"passed","Fri Mar 20 15:19:15 MSK 2026","Fri Mar 20 15:19:24 MSK 2026","8958","","org.example.tests.LoginTests","","org.example.tests.LoginTests","loginByClickingButtonInRegistrationForm","loginByClickingButtonInRegistrationForm",""
"passed","Fri Mar 20 15:19:49 MSK 2026","Fri Mar 20 15:19:53 MSK 2026","4690","","org.example.tests.RegistrationTest","","org.example.tests.RegistrationTest","testNotSuccessfulRegistration","testNotSuccessfulRegistration",""
